{
    "average_scores": {
        "AnswerRelevancy": 0.6053109475905455,
        "Faithfulness": 0.8888888888888888,
        "ContextRecall": 1.0,
        "ContextPrecision": 0.83333333325
    },
    "detailed_results": [
        {
            "row": 1,
            "AnswerRelevancy": 0.6485538150249124,
            "Faithfulness": 1.0,
            "ContextRecall": 1.0,
            "ContextPrecision": 0.9999999999
        },
        {
            "row": 2,
            "AnswerRelevancy": 0.7297024390832281,
            "Faithfulness": 0.6666666666666666,
            "ContextRecall": 1.0,
            "ContextPrecision": 0.9999999999
        },
        {
            "row": 3,
            "AnswerRelevancy": 0.4376765886634959,
            "Faithfulness": 1.0,
            "ContextRecall": 1.0,
            "ContextPrecision": 0.49999999995
        }
    ]
}