{
    "average_scores": {
        "AnswerRelevancy": 0.43170329488502085,
        "Faithfulness": 1.0,
        "ContextRecall": 0.90625,
        "ContextPrecision": 0.9999999999
    },
    "detailed_results": [
        {
            "row": 1,
            "AnswerRelevancy": 0.541079385042994,
            "Faithfulness": 1.0,
            "ContextRecall": 0.8125,
            "ContextPrecision": 0.9999999999
        },
        {
            "row": 2,
            "AnswerRelevancy": 0.3223272047270477,
            "Faithfulness": 1.0,
            "ContextRecall": 1.0,
            "ContextPrecision": 0.9999999999
        }
    ]
}